CD_BAIRRO,NM_BAIRRO,V05000,V05001,V05002,V05003,V05004,V05005,V05006,V05007,V05008,V05009,V05010,V05011,V05012,V05013,V05014,V05015,V05016,V05017,V05018,V05019,V05020,V05021,V05022,V05023,V05024,V05025,V05026,V05027,V05028,V05029,V05030,V05031,V05032,V05033,V05034
3304557001,Centro,12953,12338,213,402,0,0,12953,0,0,12885,68,0,12952,1,0,4401,8552,0,108,12845,0,12949,4,0,2180,10769,4,7260,5689,4,4339,3005,2361,3248,0
3304557002,Gamboa,4636,2416,351,1869,0,0,4559,77,0,2742,1894,0,4345,291,0,222,4414,0,62,4574,0,2791,1845,0,2274,517,1845,306,2485,1845,4015,479,140,2,0
3304557003,Santo Cristo,3798,2949,598,251,0,0,3670,128,0,2616,1182,0,3695,103,0,121,3677,0,7,3791,0,3406,392,0,2609,797,392,289,3117,392,2644,692,124,338,0
3304557004,Caju,9464,4174,1343,3931,0,16,9424,24,16,6494,2954,16,8936,512,16,335,9113,16,30,9418,16,2539,6909,16,2301,238,6925,72,2467,6925,7118,652,442,1236,16
3304557005,Catumbi,4718,1950,815,1952,0,1,4714,3,1,4037,680,1,4658,59,1,960,3757,1,0,4717,1,2764,1953,1,804,1960,1954,287,2477,1954,3189,567,330,631,1
3304557006,Rio Comprido,16167,11269,530,4214,0,154,15737,276,154,13325,2688,154,15649,364,154,5649,10364,154,6,16007,154,11685,4328,154,4959,6726,4482,930,10755,4482,8033,2112,1395,4473,154
3304557007,Cidade Nova,1921,1149,679,93,0,0,1921,0,0,1855,66,0,1921,0,0,394,1527,0,0,1921,0,1921,0,0,136,1785,0,1322,599,0,481,301,436,703,0
3304557008,Estácio,8146,5307,489,2335,0,15,7862,269,15,6553,1578,15,8059,72,15,2077,6054,15,0,8131,15,4965,3166,15,1704,3261,3181,1320,3645,3181,5262,609,470,1790,15
3304557009,Flamengo,21664,20790,670,204,0,0,21664,0,0,21472,192,0,21664,0,0,6319,15345,0,1510,20154,0,21283,381,0,2889,18394,381,12266,9017,381,1183,2105,4559,13817,0
3304557010,Glória,3823,3690,132,1,0,0,3823,0,0,3656,167,0,3823,0,0,321,3502,0,194,3629,0,3776,47,0,626,3150,47,1922,1854,47,254,367,296,2906,0
3304557011,Laranjeiras,18183,17924,78,45,0,136,18047,0,136,18029,18,136,18010,37,136,4614,13433,136,7382,10665,136,17877,170,136,10548,7329,306,5249,12628,306,976,2292,1435,13344,136
3304557012,Catete,10753,8804,68,1881,0,0,10749,4,0,9336,1417,0,10634,119,0,2670,8083,0,82,10671,0,8622,2131,0,1753,6869,2131,3743,4879,2131,3956,1668,1350,3779,0
3304557013,Cosme Velho,2475,1822,171,482,0,0,2409,66,0,1655,820,0,2474,1,0,813,1662,0,804,1671,0,1482,993,0,1169,313,993,176,1306,993,979,56,224,1216,0
3304557014,Botafogo,35477,32516,1007,1555,0,399,34828,250,399,33361,1717,399,34167,911,399,12037,23041,399,5094,29984,399,33453,1625,399,9179,24274,2024,12270,21183,2024,3952,2602,2815,25709,399
3304557015,Urca,2145,2048,8,89,0,0,2145,0,0,1993,152,0,2140,5,0,521,1624,0,89,2056,0,1964,181,0,586,1378,181,421,1543,181,648,79,12,1406,0
3304557016,Humaitá,6163,6163,0,0,0,0,6163,0,0,6163,0,0,6163,0,0,1702,4461,0,1365,4798,0,6163,0,0,2285,3878,0,3720,2443,0,460,191,537,4975,0
3304557017,Leme,5952,4691,2,1259,0,0,5906,46,0,5477,475,0,5925,27,0,338,5614,0,456,5496,0,5716,236,0,527,5189,236,2795,2921,236,1008,636,1338,2970,0
3304557018,Copacabana,62364,57933,204,4142,0,85,62245,34,85,58675,3604,85,62214,65,85,16245,46034,85,27326,34953,85,57278,5001,85,9953,47325,5086,39470,17808,5086,5862,5778,7575,43064,85
3304557019,Ipanema,17668,16466,404,798,0,0,17668,0,0,16720,948,0,17451,217,0,5954,11714,0,1601,16067,0,16810,858,0,3068,13742,858,11812,4998,858,1238,128,562,15740,0
3304557020,Leblon,18031,14281,3750,0,0,0,18031,0,0,17555,476,0,17614,417,0,4200,13831,0,1029,17002,0,18023,8,0,10599,7424,8,12148,5875,8,942,620,1614,14855,0
3304557021,Lagoa,8190,8125,65,0,0,0,8190,0,0,8187,3,0,8190,0,0,3788,4402,0,2836,5354,0,8190,0,0,2298,5892,0,4128,4062,0,128,452,606,7004,0
3304557022,Jardim Botânico,6948,6653,262,33,0,0,6774,174,0,6571,377,0,6945,3,0,1760,5188,0,77,6871,0,6653,295,0,2906,3747,295,2575,4078,295,73,412,800,5663,0
3304557023,Gávea,6461,5651,44,751,0,15,6446,0,15,6360,86,15,6430,16,15,1753,4693,15,637,5809,15,5470,976,15,2359,3111,991,3206,2264,991,1097,190,380,4779,15
3304557024,Vidigal,6010,2270,126,3614,0,0,5929,81,0,2682,3328,0,5758,252,0,129,5881,0,123,5887,0,968,5042,0,956,12,5042,15,953,5042,5392,457,62,99,0
3304557025,São Conrado,4024,3475,162,387,0,0,4024,0,0,3668,356,0,3975,49,0,1253,2771,0,592,3432,0,3512,512,0,1425,2087,512,1667,1845,512,805,65,633,2521,0
3304557026,São Cristóvão,10520,8895,463,1162,0,0,10456,64,0,8635,1885,0,10083,437,0,1558,8962,0,30,10490,0,8258,2262,0,3336,4922,2262,1730,6528,2262,4316,2012,1388,2804,0
3304557027,Mangueira,6720,1253,1632,3285,0,550,5613,557,550,3096,3074,550,4327,1843,550,741,5429,550,0,6170,550,2328,3842,550,1519,809,4392,126,2202,4392,4785,1069,287,29,550
3304557028,Benfica,8710,5857,900,1722,0,231,8429,50,231,7594,885,231,7898,581,231,1696,6783,231,9,8470,231,6322,2157,231,4444,1878,2388,2058,4264,2388,3770,996,812,2901,231
3304557029,Praça da Bandeira,3242,2848,394,0,0,0,3242,0,0,3162,80,0,3242,0,0,1368,1874,0,0,3242,0,3242,0,0,1375,1867,0,101,3141,0,435,250,446,2111,0
3304557030,Tijuca,61122,54836,1085,5169,0,32,60870,220,32,56830,4260,32,60843,247,32,16409,44681,32,1626,59464,32,56076,5014,32,21848,34228,5046,15771,40305,5046,8013,4255,4710,44112,32
3304557031,Alto da Boa Vista,3062,2194,397,471,0,0,3062,0,0,2597,465,0,3022,40,0,374,2688,0,34,3028,0,1742,1320,0,1489,253,1320,71,1671,1320,1326,347,252,1137,0
3304557032,Maracanã,9910,9689,154,67,0,0,9910,0,0,9784,126,0,9847,63,0,4849,5061,0,332,9578,0,9833,77,0,2606,7227,77,5526,4307,77,595,378,650,8287,0
3304557033,Vila Isabel,28115,24176,494,3242,0,203,27460,452,203,24262,3650,203,27283,629,203,6648,21264,203,32,27880,203,25556,2356,203,15195,10361,2559,9641,15915,2559,4233,2019,2726,18934,203
3304557034,Andaraí,14877,10477,2447,1878,0,75,14266,536,75,12441,2361,75,13643,1159,75,4118,10684,75,354,14448,75,12370,2432,75,4122,8248,2507,4409,7961,2507,3162,747,1935,8958,75
3304557035,Grajaú,13857,12369,227,1228,0,33,13695,129,33,12731,1093,33,13710,114,33,3655,10169,33,3610,10214,33,12905,919,33,3319,9586,952,2142,10763,952,1387,523,499,11415,33
3304557036,Manguinhos,10626,2159,3213,5243,0,11,10414,201,11,8572,2043,11,9749,866,11,83,10532,11,301,10314,11,3285,7330,11,2513,772,7341,187,3098,7341,9253,456,185,721,11
3304557037,Bonsucesso,6725,5333,1002,390,0,0,6725,0,0,6612,113,0,6647,78,0,1391,5334,0,0,6725,0,6204,521,0,3053,3151,521,1080,5124,521,1893,1181,502,3149,0
3304557038,Ramos,13137,11633,593,896,0,15,13002,120,15,11955,1167,15,12885,237,15,1906,11216,15,6,13116,15,11597,1525,15,5593,6004,1540,909,10688,1540,2606,2118,2498,5900,15
3304557039,Olaria,20253,15101,3359,1793,0,0,20250,3,0,19434,819,0,20245,8,0,2846,17407,0,384,19869,0,18941,1312,0,11395,7546,1312,1139,17802,1312,7842,3625,2361,6425,0
3304557040,Penha,22597,14330,2711,5529,0,27,22423,147,27,20622,1948,27,22472,98,27,3727,18843,27,291,22279,27,16319,6251,27,11681,4638,6278,686,15633,6278,10497,3260,2278,6535,27
3304557041,Penha Circular,14511,11606,2286,576,0,43,14456,12,43,13322,1146,43,14453,15,43,1992,12476,43,36,14432,43,13295,1173,43,8939,4356,1216,946,12349,1216,4575,2117,1467,6309,43
3304557042,Brás de Pina,17727,12298,4433,996,0,0,17689,38,0,15143,2584,0,17615,112,0,2513,15214,0,108,17619,0,15454,2273,0,13016,2438,2273,401,15053,2273,4688,2669,2389,7981,0
3304557043,Cordovil,13718,12393,376,949,0,0,13553,165,0,11666,2052,0,12955,763,0,1298,12420,0,39,13679,0,12263,1455,0,9679,2584,1455,0,12263,1455,4899,4008,2150,2661,0
3304557044,Parada de Lucas,8592,5615,414,2563,0,0,8509,83,0,6954,1638,0,8430,162,0,1049,7543,0,0,8592,0,5916,2676,0,3490,2426,2676,188,5728,2676,4577,2041,564,1410,0
3304557045,Vigário Geral,13155,10369,1989,749,0,48,13017,90,48,12027,1080,48,12748,359,48,379,12728,48,32,13075,48,10055,3052,48,9311,744,3100,120,9935,3100,5461,2526,1876,3244,48
3304557046,Jardim América,7790,6646,1144,0,0,0,7790,0,0,7504,286,0,7774,16,0,918,6872,0,73,7717,0,7331,459,0,6579,752,459,960,6371,459,1560,486,1079,4665,0
3304557047,São Francisco Xavier,2516,1734,459,237,0,86,2385,45,86,1858,572,86,2299,131,86,745,1685,86,0,2430,86,1732,698,86,1352,380,784,306,1426,784,1673,310,255,192,86
3304557048,Rocha,5549,3522,1485,332,0,210,5310,29,210,5112,227,210,5310,29,210,1314,4025,210,0,5339,210,5303,36,210,3682,1621,246,521,4782,246,749,949,1413,2228,210
3304557049,Riachuelo,4396,4390,6,0,0,0,4396,0,0,4320,76,0,4396,0,0,607,3789,0,0,4396,0,4385,11,0,2193,2192,11,225,4160,11,204,653,354,3185,0
3304557050,Sampaio,3284,2149,116,517,0,502,2760,22,502,2218,564,502,2504,278,502,237,2545,502,37,2745,502,2124,658,502,1768,356,1160,0,2124,1160,919,748,332,783,502
3304557051,Engenho Novo,15775,10886,1825,2756,0,308,14889,578,308,12611,2856,308,14778,689,308,3678,11789,308,11,15456,308,12532,2935,308,5874,6658,3243,2672,9860,3243,5444,2457,2359,5207,308
3304557052,Lins de Vasconcelos,12135,8222,984,2929,0,0,11549,586,0,9786,2349,0,11648,487,0,3453,8682,0,7,12128,0,9291,2844,0,7096,2195,2844,933,8358,2844,2606,1141,1343,7045,0
3304557053,Méier,17461,16980,395,84,0,2,17163,296,2,17078,381,2,17446,13,2,4990,12469,2,0,17459,2,17197,262,2,8603,8594,264,7284,9913,264,1677,1883,2249,11650,2
3304557054,Todos os Santos,9458,9225,140,1,0,92,9366,0,92,8875,491,92,9222,144,92,2516,6850,92,435,8931,92,9209,157,92,5427,3782,249,1117,8092,249,1207,1240,1242,5677,92
3304557055,Cachambi,16263,14472,1007,101,0,683,15580,0,683,14408,1172,683,14838,742,683,4382,11198,683,133,15447,683,14874,706,683,9418,5456,1389,1479,13395,1389,1094,661,1881,11944,683
3304557056,Engenho de Dentro,17449,14261,1677,1114,0,397,16750,302,397,16188,864,397,16606,446,397,5653,11399,397,1419,15633,397,14916,2136,397,7965,6951,2533,3497,11419,2533,3569,1488,2295,9700,397
3304557057,Água Santa,2617,2171,412,5,0,29,2525,63,29,2390,198,29,2527,61,29,618,1970,29,0,2588,29,2291,297,29,1977,314,326,0,2291,326,43,198,526,1821,29
3304557058,Encantado,5040,4763,70,207,0,0,4834,206,0,4792,248,0,4874,166,0,1389,3651,0,96,4944,0,4824,216,0,3883,941,216,36,4788,216,967,881,831,2361,0
3304557059,Piedade,15403,12997,1128,921,0,357,14663,383,357,13409,1637,357,14348,698,357,3315,11731,357,9,15037,357,13633,1413,357,10272,3361,1770,407,13226,1770,4366,3332,2073,5275,357
3304557060,Abolição,3842,3591,214,37,0,0,3842,0,0,3718,124,0,3842,0,0,896,2946,0,0,3842,0,3805,37,0,3774,31,37,1096,2709,37,785,1082,456,1519,0
3304557061,Pilares,9268,6675,1771,728,0,94,9152,22,94,8250,924,94,9073,101,94,1521,7653,94,0,9174,94,8644,530,94,8195,449,624,952,7692,624,2572,2070,1561,2971,94
3304557062,Vila Kosmos,5635,2670,2487,478,0,0,5632,3,0,4768,867,0,5616,19,0,461,5174,0,0,5635,0,4709,926,0,3874,835,926,184,4525,926,3016,700,201,1718,0
3304557063,Vicente de Carvalho,8191,5628,462,2101,0,0,7948,243,0,6218,1973,0,7715,476,0,1032,7159,0,11,8180,0,6092,2099,0,4540,1552,2099,1435,4657,2099,3046,1512,982,2651,0
3304557064,Vila da Penha,8881,8839,42,0,0,0,8881,0,0,8459,422,0,8841,40,0,619,8262,0,263,8618,0,8881,0,0,3679,5202,0,2964,5917,0,996,985,1456,5444,0
3304557065,Vista Alegre,2762,2746,16,0,0,0,2762,0,0,2661,101,0,2762,0,0,463,2299,0,0,2762,0,2762,0,0,2488,274,0,96,2666,0,279,390,561,1532,0
3304557066,Irajá,34100,30517,2334,1244,0,5,33787,308,5,32816,1279,5,33450,645,5,8458,25637,5,115,33980,5,33193,902,5,13811,19382,907,11712,21481,907,5310,7491,6901,14393,5
3304557067,Colégio,10019,6223,1719,1951,0,126,9279,614,126,8739,1154,126,9347,546,126,1709,8184,126,0,9893,126,7627,2266,126,4460,3167,2392,3143,4484,2392,3250,1786,2440,2417,126
3304557068,Campinho,3406,3031,85,290,0,0,3331,75,0,3125,281,0,3378,28,0,692,2714,0,16,3390,0,3052,354,0,746,2306,354,1051,2001,354,796,315,194,2101,0
3304557069,Quintino Bocaiúva,9764,8444,601,588,0,131,9372,261,131,8648,985,131,9507,126,131,1388,8245,131,0,9633,131,8738,895,131,4516,4222,1026,1340,7398,1026,2347,1645,1016,4625,131
3304557070,Cavalcanti,5421,4206,888,325,0,2,5180,239,2,4781,638,2,5392,27,2,1166,4253,2,0,5419,2,4835,584,2,2010,2825,586,2656,2179,586,1887,518,309,2705,2
3304557071,Engenheiro Leal,1681,1575,84,14,0,8,1451,222,8,1385,288,8,1673,0,8,302,1371,8,0,1673,8,1358,315,8,640,718,323,663,695,323,765,249,217,442,8
3304557072,Cascadura,10354,8285,1012,978,0,79,10047,228,79,8571,1704,79,10097,178,79,2631,7644,79,36,10239,79,9117,1158,79,5101,4016,1237,3520,5597,1237,3959,1276,978,4062,79
3304557073,Madureira,15581,12240,1329,1620,0,392,15087,102,392,14258,931,392,14993,196,392,3278,11911,392,0,15189,392,12079,3110,392,6457,5622,3502,3023,9056,3502,6500,3414,1355,3920,392
3304557074,Vaz Lobo,4361,3993,128,239,0,1,4349,11,1,4219,141,1,4356,4,1,1217,3143,1,0,4360,1,3916,444,1,1445,2471,445,1423,2493,445,866,841,767,1886,1
3304557075,Turiaçu,4442,4025,394,0,0,23,4419,0,23,4388,31,23,4419,0,23,709,3710,23,0,4419,23,4066,353,23,3109,957,376,523,3543,376,889,804,1044,1682,23
3304557076,Rocha Miranda,13946,11189,2175,581,0,1,13834,111,1,13085,860,1,13890,55,1,3236,10709,1,0,13945,1,13274,671,1,11119,2155,672,877,12397,672,2027,2892,2800,6226,1
3304557077,Honório Gurgel,6850,5869,497,484,0,0,6850,0,0,6101,749,0,6807,43,0,888,5962,0,0,6850,0,6131,719,0,5155,976,719,2771,3360,719,1985,1305,1351,2209,0
3304557078,Oswaldo Cruz,11622,10472,1057,57,0,36,11586,0,36,9848,1738,36,11395,191,36,707,10879,36,0,11586,36,10913,673,36,6930,3983,709,1765,9148,709,3149,1975,1830,4632,36
3304557079,Bento Ribeiro,14446,13702,694,49,0,1,14445,0,1,13491,954,1,14385,60,1,2009,12436,1,54,14391,1,14340,105,1,10161,4179,106,346,13994,106,2910,2606,2629,6300,1
3304557080,Marechal Hermes,15717,12192,2359,1153,0,13,15650,54,13,14939,765,13,15605,99,13,2675,13029,13,114,15590,13,13424,2280,13,9267,4157,2293,1434,11990,2293,5025,2811,2512,5356,13
3304557081,Jacarepaguá,83098,49252,13988,18965,0,893,76291,5914,893,59489,22716,893,78422,3783,893,9545,72660,893,7122,75083,893,50966,31239,893,33523,17443,32132,15074,35892,32132,39492,6690,4856,31167,893
3304557082,Anil,11970,10420,1297,253,0,0,11962,8,0,11716,254,0,11293,677,0,2679,9291,0,1113,10857,0,11198,772,0,6256,4942,772,2797,8401,772,3288,1061,1849,5772,0
3304557083,Gardênia Azul,8220,5573,2424,223,0,0,8220,0,0,7917,303,0,8213,7,0,198,8022,0,283,7937,0,6125,2095,0,5131,994,2095,39,6086,2095,3092,1597,959,2572,0
3304557084,Cidade de Deus,11248,6810,4041,397,0,0,11136,112,0,10380,868,0,11060,188,0,849,10399,0,42,11206,0,10657,591,0,9562,1095,591,49,10608,591,7708,1651,726,1163,0
3304557085,Curicica,11138,7911,2940,287,0,0,10810,328,0,9804,1334,0,11040,98,0,823,10315,0,213,10925,0,9807,1331,0,5234,4573,1331,1673,8134,1331,1844,1587,1856,5851,0
3304557086,Freguesia (Jacarepaguá),29719,28317,721,671,0,10,29575,134,10,27622,2087,10,29584,125,10,7110,22599,10,390,29319,10,28793,916,10,15778,13015,926,6359,22434,926,2784,1693,2648,22584,10
3304557087,Pechincha,15016,14004,815,197,0,0,14768,248,0,14381,635,0,14896,120,0,4531,10485,0,2992,12024,0,14333,683,0,10433,3900,683,3817,10516,683,2254,1866,1689,9207,0
3304557088,Taquara,41849,35168,5080,1022,0,579,41255,15,579,38811,2459,579,40813,457,579,9629,31641,579,2541,38729,579,38707,2563,579,22032,16675,3142,7465,31242,3142,8696,6267,6188,20119,579
3304557089,Tanque,14050,11924,1470,656,0,0,13746,304,0,10186,3864,0,13859,191,0,2927,11123,0,10,14040,0,12274,1776,0,10385,1889,1776,1326,10948,1776,2932,2508,1631,6979,0
3304557090,Praça Seca,24335,16978,4218,3128,0,11,23743,581,11,20023,4301,11,22978,1346,11,4124,20200,11,2301,22023,11,18839,5485,11,13113,5726,5496,5786,13053,5496,9502,3512,2905,8405,11
3304557091,Vila Valqueire,13103,10460,2060,583,0,0,13063,40,0,12657,446,0,13022,81,0,2060,11043,0,534,12569,0,11998,1105,0,8891,3107,1105,444,11554,1105,2491,1953,1901,6758,0
3304557092,Deodoro,3787,3283,432,72,0,0,3755,32,0,3239,548,0,3545,242,0,162,3625,0,0,3787,0,3264,523,0,3131,133,523,589,2675,523,2015,807,287,678,0
3304557093,Vila Militar,4699,2492,1920,287,0,0,4694,5,0,4434,265,0,4517,182,0,322,4377,0,0,4699,0,3607,1092,0,2972,635,1092,1833,1774,1092,2281,681,233,1504,0
3304557094,Campo dos Afonsos,651,651,0,0,0,0,651,0,0,646,5,0,646,5,0,12,639,0,0,651,0,651,0,0,597,54,0,0,651,0,63,61,34,493,0
3304557095,Jardim Sulacap,5322,5180,41,101,0,0,5318,4,0,4835,487,0,5322,0,0,1501,3821,0,0,5322,0,4988,334,0,3423,1565,334,331,4657,334,664,1225,602,2831,0
3304557096,Magalhães Bastos,7927,5353,1581,993,0,0,7927,0,0,6748,1179,0,7881,46,0,895,7032,0,0,7927,0,6507,1420,0,4956,1551,1420,1420,5087,1420,3154,1534,1194,2045,0
3304557097,Realengo,63819,50889,10072,2857,0,1,62988,830,1,57305,6513,1,63118,700,1,5877,57941,1,530,63288,1,53694,10124,1,45836,7858,10125,6369,47325,10125,24001,13309,8238,18270,1
3304557098,Padre Miguel,21905,17855,2705,1265,0,80,20981,844,80,19272,2553,80,21669,156,80,1880,19945,80,54,21771,80,19146,2679,80,16607,2539,2759,1473,17673,2759,8580,4883,2273,6089,80
3304557099,Bangu,76439,61019,10637,4731,0,52,73257,3130,52,68199,8188,52,75233,1154,52,4412,71975,52,1516,74871,52,66151,10236,52,54707,11444,10288,4919,61232,10288,34169,16657,8286,17275,52
3304557100,Senador Camará,41455,27088,9546,4057,0,764,39241,1450,764,35328,5363,764,38516,2175,764,2031,38660,764,309,40382,764,33854,6837,764,26864,6990,7601,2548,31306,7601,20711,8807,4365,6808,764
3304557101,Santíssimo,17879,13671,3036,1169,0,3,16260,1616,3,13654,4222,3,17473,403,3,625,17251,3,35,17841,3,14108,3768,3,11402,2706,3771,749,13359,3771,8622,4384,2091,2779,3
3304557102,Campo Grande,129795,116819,11011,1894,0,71,122165,7559,71,110956,18768,71,127268,2456,71,13534,116190,71,1702,128022,71,114983,14741,71,92370,22613,14812,9777,105206,14812,34090,30118,21241,44275,71
3304557103,Senador Vasconcelos,12146,10804,916,426,0,0,11779,367,0,10694,1452,0,12099,47,0,1165,10981,0,153,11993,0,10896,1250,0,8784,2112,1250,1789,9107,1250,5022,3069,1410,2645,0
3304557104,Inhoaíba,25817,24332,1100,384,0,1,24592,1224,1,22858,2958,1,24989,827,1,933,24883,1,813,25003,1,24346,1470,1,19809,4537,1471,2441,21905,1471,11063,7446,3769,3538,1
3304557105,Cosmos,35090,32333,2308,449,0,0,32964,2126,0,31327,3763,0,34396,694,0,4241,30849,0,1780,33310,0,33016,2074,0,25812,7204,2074,3775,29241,2074,12515,11378,4850,6347,0
3304557106,Paciência,37986,34700,2766,497,0,23,33732,4231,23,31924,6039,23,36726,1237,23,3079,34884,23,557,37406,23,32102,5861,23,23149,8953,5884,3515,28587,5884,22076,9244,2751,3892,23
3304557107,Santa Cruz,88281,74812,8900,4029,0,540,72381,15360,540,64495,23246,540,83279,4462,540,8136,79605,540,3079,84662,540,64889,22852,540,46317,18572,23392,6281,58608,23392,49200,15547,7597,15397,540
3304557108,Sepetiba,20679,16833,3570,269,0,7,18817,1855,7,17939,2733,7,20224,448,7,2089,18583,7,292,20380,7,17812,2860,7,14234,3578,2867,2876,14936,2867,12809,4862,1493,1508,7
3304557109,Ribeira,1426,1426,0,0,0,0,1426,0,0,1346,80,0,1426,0,0,214,1212,0,590,836,0,1426,0,0,1296,130,0,222,1204,0,221,197,236,772,0
3304557110,Zumbi,738,738,0,0,0,0,738,0,0,738,0,0,738,0,0,153,585,0,183,555,0,738,0,0,569,169,0,22,716,0,14,196,66,462,0
3304557111,Cacuia,4124,3901,200,23,0,0,4118,6,0,3914,210,0,4123,1,0,421,3703,0,301,3823,0,3371,753,0,3147,224,753,170,3201,753,1761,957,534,872,0
3304557112,Pitangueiras,3932,2008,212,1697,0,15,3915,2,15,1897,2020,15,3845,72,15,298,3619,15,339,3578,15,1891,2026,15,1883,8,2041,96,1795,2041,2224,379,513,801,15
3304557113,Praia da Bandeira,2054,2054,0,0,0,0,2054,0,0,2054,0,0,2054,0,0,204,1850,0,67,1987,0,2054,0,0,1033,1021,0,0,2054,0,951,286,169,648,0
3304557114,Cocotá,1991,1827,25,139,0,0,1991,0,0,1723,268,0,1852,139,0,520,1471,0,86,1905,0,1701,290,0,531,1170,290,233,1468,290,279,248,184,1280,0
3304557115,Bancários,4400,3059,1005,336,0,0,4388,12,0,3653,747,0,4376,24,0,301,4099,0,215,4185,0,3826,574,0,3272,554,574,38,3788,574,1832,829,368,1371,0
3304557116,Freguesia (Ilha do Governador),5941,4414,854,673,0,0,5935,6,0,5177,764,0,5849,92,0,607,5334,0,109,5832,0,5242,699,0,4108,1134,699,11,5231,699,1672,1362,696,2211,0
3304557117,Jardim Guanabara,10534,7411,2984,139,0,0,10534,0,0,10405,129,0,10443,91,0,1189,9345,0,795,9739,0,10290,244,0,9437,853,244,224,10066,244,1387,1319,1271,6557,0
3304557118,Jardim Carioca,8154,6390,1008,756,0,0,7897,257,0,7644,510,0,8148,6,0,479,7675,0,0,8154,0,7099,1055,0,6552,547,1055,144,6955,1055,3098,1556,1263,2237,0
3304557119,Tauá,10118,6148,858,3087,0,25,10046,47,25,7659,2434,25,9736,357,25,1410,8683,25,528,9565,25,5964,4129,25,4785,1179,4154,196,5768,4154,5147,1272,1037,2637,25
3304557120,Moneró,2245,2245,0,0,0,0,2245,0,0,2245,0,0,2245,0,0,1234,1011,0,222,2023,0,2245,0,0,1100,1145,0,448,1797,0,64,117,42,2022,0
3304557121,Portuguesa,7991,6671,577,740,0,3,7988,0,3,6789,1199,3,7904,84,3,918,7070,3,480,7508,3,6379,1609,3,4001,2378,1612,1158,5221,1612,2174,706,771,4337,3
3304557122,Galeão,7538,3913,1788,1660,0,177,7023,338,177,5116,2245,177,6267,1094,177,63,7298,177,0,7361,177,3667,3694,177,3458,209,3871,51,3616,3871,4803,1319,446,793,177
3304557123,Cidade Universitária,432,42,386,0,0,4,423,5,4,417,11,4,428,0,4,0,428,4,0,428,4,356,72,4,356,0,76,121,235,76,175,148,49,56,4
3304557124,Guadalupe,16090,13134,2414,534,0,8,15611,471,8,12841,3241,8,15371,711,8,914,15168,8,0,16082,8,15015,1067,8,12448,2567,1075,865,14150,1075,5970,3531,2110,4471,8
3304557125,Anchieta,19831,16894,2438,496,0,3,19727,101,3,17058,2770,3,19723,105,3,2193,17635,3,135,19693,3,19043,785,3,16558,2485,788,1247,17796,788,6899,6173,2701,4055,3
3304557126,Parque Anchieta,8340,8212,128,0,0,0,8340,0,0,7226,1114,0,8340,0,0,700,7640,0,148,8192,0,8338,2,0,6805,1533,2,207,8131,2,664,1291,1638,4747,0
3304557127,Ricardo de Albuquerque,9915,4152,5593,170,0,0,9492,423,0,8476,1439,0,9360,555,0,951,8964,0,0,9915,0,9274,641,0,7727,1547,641,2208,7066,641,3484,2354,1384,2693,0
3304557128,Santa Teresa,16026,11847,863,3314,0,2,15750,274,2,13578,2446,2,15720,304,2,2658,13366,2,145,15879,2,12302,3722,2,10998,1304,3724,1489,10813,3724,9119,1994,1003,3908,2
3304557129,Joá,374,374,0,0,0,0,374,0,0,347,27,0,374,0,0,80,294,0,0,374,0,374,0,0,268,106,0,0,374,0,0,0,0,374,0
3304557130,Itanhangá,26737,10820,8611,7305,0,1,25330,1406,1,19877,6859,1,25916,820,1,2035,24701,1,242,26494,1,15822,10914,1,12201,3621,10915,2026,13796,10915,13235,4269,2339,6893,1
3304557131,Barra da Tijuca,62815,58311,2916,1528,60,0,62489,266,60,58248,4507,60,61372,1383,60,11898,50857,60,10448,52307,60,59913,2842,60,13568,46345,2902,33747,26166,2902,1366,2314,4319,54756,60
3304557132,Camorim,2719,2552,167,0,0,0,2461,258,0,1890,829,0,2607,112,0,133,2586,0,1004,1715,0,2189,530,0,921,1268,530,1003,1186,530,328,98,466,1827,0
3304557133,Vargem Pequena,11777,9191,1404,1039,0,143,10618,1016,143,6343,5291,143,11265,369,143,1389,10245,143,1473,10161,143,8915,2719,143,7658,1257,2862,304,8611,2862,3536,1351,1719,5028,143
3304557134,Vargem Grande,7762,4842,2361,559,0,0,5824,1938,0,3667,4095,0,6541,1221,0,1080,6682,0,369,7393,0,4184,3578,0,3661,523,3578,110,4074,3578,2261,1149,848,3504,0
3304557135,Recreio dos Bandeirantes,56261,51411,3207,1506,0,137,53709,2415,137,46436,9688,137,54366,1758,137,5686,50438,137,4742,51382,137,50916,5208,137,33268,17648,5345,21498,29418,5345,6921,3877,4180,41146,137
3304557136,Grumari,9,9,0,0,0,0,9,0,0,0,9,0,9,0,0,0,9,0,0,9,0,9,0,0,9,0,0,0,9,0,0,0,0,9,0
3304557137,Coelho Neto,10678,9129,1075,457,0,17,10295,366,17,9672,989,17,10553,108,17,1380,9281,17,0,10661,17,9524,1137,17,7702,1822,1154,752,8772,1154,2247,2846,2599,2969,17
3304557138,Acari,10305,5150,1431,3604,0,120,9868,317,120,8255,1930,120,8583,1602,120,23,10162,120,0,10185,120,4100,6085,120,4026,74,6205,460,3640,6205,8401,594,346,844,120
3304557139,Barros Filho,7698,4770,2120,808,0,0,7572,126,0,6371,1327,0,7532,166,0,750,6948,0,27,7671,0,5509,2189,0,4171,1338,2189,973,4536,2189,4347,1148,1233,970,0
3304557140,Costa Barros,9632,5812,2898,875,0,47,8870,715,47,8297,1288,47,8796,789,47,332,9253,47,0,9585,47,7566,2019,47,7066,500,2066,490,7076,2066,5987,1927,876,795,47
3304557141,Pavuna,35347,23888,7581,3393,0,485,31944,2918,485,29519,5343,485,32815,2047,485,2804,32058,485,229,34633,485,28757,6105,485,23383,5374,6590,8012,20745,6590,17356,5951,3496,8059,485
3304557142,Guaratiba,57212,47999,7946,1193,0,74,42302,14836,74,36157,20981,74,54285,2853,74,2845,54293,74,556,56582,74,39662,17476,74,30742,8920,17550,7563,32099,17550,17383,13261,7784,18710,74
3304557143,Barra de Guaratiba,1922,1149,708,65,0,0,1427,495,0,448,1474,0,1889,33,0,462,1460,0,2,1920,0,125,1797,0,29,96,1797,10,115,1797,449,341,441,691,0
3304557144,Pedra de Guaratiba,4569,3178,1240,151,0,0,4098,471,0,2527,2042,0,4535,34,0,202,4367,0,0,4569,0,3422,1147,0,3012,410,1147,590,2832,1147,1908,759,725,1177,0
3304557145,Higienópolis,5719,5103,312,304,0,0,5719,0,0,5662,57,0,5719,0,0,816,4903,0,160,5559,0,4889,830,0,531,4358,830,31,4858,830,3748,655,329,987,0
3304557146,Jacaré,2858,2133,157,568,0,0,2787,71,0,2569,289,0,2745,113,0,463,2395,0,3,2855,0,2300,558,0,1982,318,558,351,1949,558,934,395,242,1287,0
3304557147,Maria da Graça,2993,2982,0,9,0,2,2982,9,2,2763,228,2,2991,0,2,598,2393,2,0,2991,2,2982,9,2,1742,1240,11,371,2611,11,148,411,494,1938,2
3304557148,Del Castilho,8125,5896,1925,252,0,52,8073,0,52,7635,438,52,8073,0,52,1446,6627,52,2,8071,52,7037,1036,52,2256,4781,1088,343,6694,1088,2164,1129,810,3970,52
3304557149,Inhaúma,14378,6939,6518,613,0,308,13910,160,308,12980,1090,308,13818,252,308,1493,12577,308,0,14070,308,12741,1329,308,11473,1268,1637,1582,11159,1637,4492,1907,1318,6353,308
3304557150,Engenho da Rainha,9584,5173,3377,979,0,55,9221,308,55,7989,1540,55,9448,81,55,1029,8500,55,221,9308,55,7912,1617,55,4701,3211,1672,1446,6466,1672,4023,1924,914,2668,55
3304557151,Tomás Coelho,8091,4504,2417,1115,0,55,7111,925,55,6033,2003,55,7977,59,55,871,7165,55,246,7790,55,5936,2100,55,3553,2383,2155,1438,4498,2155,3460,1412,1027,2137,55
3304557152,Saúde,708,214,222,272,0,0,708,0,0,677,31,0,708,0,0,94,614,0,0,708,0,623,85,0,449,174,85,150,473,85,484,44,39,141,0
3304557153,Paquetá,1544,883,380,281,0,0,280,1264,0,1223,321,0,1523,21,0,47,1497,0,0,1544,0,1197,347,0,1016,181,347,275,922,347,333,220,179,812,0
3304557154,Parque Colúmbia,2928,1977,521,413,0,17,2832,79,17,2159,752,17,2846,65,17,177,2734,17,3,2908,17,2160,751,17,2015,145,768,4,2156,768,1375,529,367,640,17
3304557155,Jacarezinho,13103,1745,562,946,0,9850,3236,17,9850,2310,943,9850,3164,89,9850,573,2680,9850,0,3253,9850,1167,2086,9850,1167,0,11936,0,1167,11936,2096,473,358,326,9850
3304557156,Rocinha,30426,4336,949,23989,0,1152,10374,18900,1152,7623,21651,1152,16061,13213,1152,1713,27561,1152,360,28914,1152,3708,25566,1152,3682,26,26718,0,3708,26718,25754,1743,1318,459,1152
3304557157,Complexo do Alemão,19778,6227,2375,11114,0,62,19442,274,62,16301,3415,62,18635,1081,62,1037,18679,62,0,19716,62,7761,11955,62,4934,2827,12017,553,7208,12017,15483,2991,480,762,62
3304557158,Maré,46816,23435,13519,9862,0,0,46244,572,0,35072,11744,0,44642,2174,0,247,46569,0,589,46227,0,28320,18496,0,27509,811,18496,467,27853,18496,38571,5239,1284,1722,0
3304557159,Vasco da Gama,6051,3105,767,2029,0,150,5901,0,150,5376,525,150,5856,45,150,961,4940,150,1,5900,150,3869,2032,150,1741,2128,2182,561,3308,2182,3715,669,276,1241,150
3304557160,Gericinó,877,330,321,226,0,0,330,547,0,261,616,0,877,0,0,0,877,0,0,877,0,244,633,0,192,52,633,0,244,633,487,297,0,93,0
3304557161,Lapa,4955,4955,0,0,0,0,4955,0,0,4909,46,0,4955,0,0,1987,2968,0,0,4955,0,4955,0,0,871,4084,0,3486,1469,0,2023,325,899,1708,0
3304557162,Vila Kennedy,8156,5827,2216,111,0,2,8002,152,2,6822,1332,2,8093,61,2,199,7955,2,127,8027,2,6907,1247,2,6489,418,1249,18,6889,1249,6729,965,123,337,2
